1,zestily,zesty
2,zestfully,zestful
3,zealously,zealous
4,youthfully,youthful
5,yieldingly,yielding
6,yesterday,yesterday
7,yearningly,yearning
8,yearly,yearly
9,yawningly,yawning
10,wrongly,wrong
11,wrinkly,wrink
12,worriedly,worried
13,wonderfully,wonderful
14,womanly,feminine
15,woefully,woeful
16,wisely,wise
17,willfully,willful
18,wildly,wild
19,widely,wide
20,wholly,whol
21,whimsically,whimsical
22,wetly,wet
23,well,well
24,weirdly,weird
25,weighty,weight
26,wearily,weary
27,wearability,wearable
28,weakly,weak
29,washability,washable
30,warmly,warm
31,voluntarily,voluntary
32,vivaciously,vivacious
33,visually,visual
34,virtually,virtual
35,violently,violent
36,victoriously,victorious
37,viciously,vicious
38,very,very
39,vertically,vertical
40,versatility,versatile
41,verbally,verbal
42,velvety,velvet
43,vastly,vast
44,valiantly,valiant
45,vainly,vain
46,vaguely,vague
47,vacantly,vacant
48,utterly,utterly
49,usually,usual
50,uselessly,useless
51,usefully,useful
52,urgently,urgent
53,upwardly,upward
54,upward,upward
55,upside-down,upside-down
56,upright,upright
57,upliftingly,uplifting
58,upbeat,upbeat
59,unsightly,unsight
60,unshapely,unshape
61,unreasonably,unreasonable
62,unnecessarily,unnecessary
63,unnaturally,unnatural
64,universally,universal
65,unintentionally,unintentional
66,unimpressively,unimpressive
67,unfortunatly,unfortunate
68,unfortunately,unfortunate
69,unflatteringly,unflattering
70,unexpectedly,unexpected
71,unethically,unethical
72,undoubtedly,undoubtedle
73,uncomfortably,uncomfortable
74,unbelievably,unbelievable
75,unbearably,unbearable
76,unattractively,unattractive
77,unaccountably,unaccountable
78,unabashedly,unabashedle
79,ultimately,ultimate
80,ulitimately,ulitimate
81,typically,typical
82,truthfully,truthful
83,truly,truly
84,triumphantly,triumphant
85,tremendously,tremendous
86,totally,total
87,too,too
88,tomorrow,tomorrow
89,timey,time
90,timely,time
91,tightly,tight
92,thoughtfully,thoughtful
93,thoroughly,thorough
94,thankfully,thankful
95,texturally,textural
96,terribly,terrible
97,tensely,tense
98,tenderly,tender
99,technically,technical
100,tastefully,tasteful
101,sympathetically,sympathetical
102,swiftly,swift
103,sweetly,sweet
104,suspiciously,suspicious
105,surprisingly,surprising
106,surely,sure
107,supremely,supreme
108,suddenly,sudden
109,successfully,successful
110,subtly,subtlety
111,substantive,substantial
112,substantially,substantial
113,subsequently,subsequent
114,stunningly,stunning
115,strongly,strong
116,strictly,strict
117,stretchy,stretch
118,strecthy,stretchy
119,strectchy,stretchy
120,strangely,strange
121,sternly,stern
122,stealthily,stealthy
123,speedily,speedy
124,specifically,specifical
125,sparingly,sparingly
126,soon,soon
127,sometimes,sometimes
128,solidly,solid
129,solemnly,solemn
130,softly,soft
131,smoothly,smooth
132,slowly,slow
133,slightly,slight
134,slighly,slight
135,sleepily,sleepy
136,sincerely,sincere
137,simultaneously,simultaneous
138,similarly,similare
139,silently,silent
140,shyly,shy
141,shrilly,shril
142,shortly,short
143,sheepishly,sheepish
144,sharply,sharp
145,shakily,shaky
146,seriously,serious
147,separately,separate
148,selfishly,selfish
149,seldom,seldom
150,seemingly,seeming
151,sedately,sedate
152,securely,secure
153,secondly,second
154,seasonally,seasonal
155,searchingly,searching
156,seamlessly,seamless
157,scratchy,scratchy
158,scarily,scary
159,scarcely,scarce
160,scandelously,scandelous
161,satisfactorily,satisfactory
162,safely,safe
163,sadly,sad
164,rudely,rude
165,routinely,routine
166,roughly,rough
167,rigidly,rigid
168,rightfully,rightful
169,righteously,righteous
170,ridiculously,ridiculous
171,richly,rich
172,restfully,restful
173,reproachfully,reproachful
174,repeatedly,repeated
175,remotely,remote
176,reluctantly,reluctant
177,reliably,reliable
178,relatively,relative
179,regularly,regular
180,regrettably,regrettable
181,regretfully,regretful
182,rediculously,rediculous
183,recklessly,reckless
184,recently,recent
185,reassuringly,reassuring
186,reasonably,reasonable
187,really,real
188,realistically,realistic
189,readily,ready
190,rarely,rare
191,rapidly,rapid
192,randomly,random
193,quizzically,quizzical
194,quirkily,quirky
195,quietly,quiet
196,quickly,quick
197,quicker,quicker
198,questioningly,questioning
199,questionably,questionable
200,queerly,queer
201,queasily,queasy
202,quarrelsomely,quarrelsome
203,quaintly,quaint
204,purely,pure
205,punctually,punctual
206,proportionally,proportional
207,properly,proper
208,promptly,prompt
209,prominently,prominent
210,professionally,professional
211,probably,probable
212,probabley,probable
213,princessy,princess
214,previously,previous
215,prettily,pretty
216,pregnancy,pregnant
217,practically,practical
218,powerfully,powerful
219,pouffy,puffy
220,potentially,potential
221,possibility,possible
222,positively,positive
223,poorly,poor
224,politely,polite
225,pleasantly,pleasant
226,playfully,playful
227,physically,physical
228,personally,personal
229,periodically,periodical
230,perfectly,perfect
231,patiently,patient
232,partly,partial
233,particularly,particular
234,partially,partial
235,painfully,painful
236,owlishly,owlish
237,overwhelmingly,overwhelming
238,overdressy,overdress
239,overconfidently,overconfident
240,outrageously,outrageous
241,originally,original
242,originality,original
243,optimistically,optimistical
244,openly,open
245,only,only
246,often,often
247,officially,official
248,offensively,offensive
249,oddly,odd
250,occasionally,occasional
251,obviously,obvious
252,obnoxiously,obnoxious
253,objectionably,objectionable
254,obediently,obedient
255,novelty,novelty
256,noticeably,noticeable
257,not,not
258,normally,normal
259,noisily,noisy
260,nicely,nice
261,never,never
262,nervously,nervous
263,needily,needy
264,necessarily,necessaire
265,neccissarily,necessare
266,neatly,neat
267,nearly,near
268,naturally,natural
269,mysteriously,mysterious
270,mostly,most
271,mortally,mortal
272,more,more
273,monthly,month
274,moderately,moderate
275,mockingly,mocking
276,miserably,miserable
277,miraculously,miraculous
278,mildly,soft
279,merrily,merry
280,mechanically,mechanical
281,meaningfully,meaningful
282,matronly,matron
283,massively,massive
284,marginally,marginal
285,manually,manual
286,majorly,majorly
287,majestically,majestical
288,mainly,main
289,madly,mad
290,luckily,lucky
291,loyally,loyal
292,lovingly,loving
293,lovey,lovely
294,lovely,
295,loudly,loud
296,loosely,loose
297,longingly,longing
298,loftily,lofty
299,lively,live
300,literally,literal
301,limply,limp
302,likely,like
303,lightly,light
304,less,less
305,lazily,lazy
306,latetly,late
307,lately,late
308,lastly,last
309,largely,large
310,kookily,kooky
311,knowledgeably,knowledgeable
312,knowingly,knowing
313,knottily,knotty
314,knavishly,knavish
315,kindly,kind
316,kindheartedly,kindhearted
317,kiddingly,kidding
318,keenly,keen
319,justly,just
320,judgmentally,judgmental
321,jubilantly,jubilant
322,joyously,joyous
323,joyfully,joyful
324,jovially,jovial
325,joshingly,joshing
326,jealously,jealous
327,jaggedly,jagged
328,iusually,usual
329,irritably,irritable
330,irresistibly,irresistible
331,inwardly,inward
332,invariably,invariable
333,intricately,intricate
334,intracately,intracate
335,interestingly,interesting
336,intently,intent
337,intensely,intense
338,instantly,instant
339,insecurity,insecure
340,insanely,insane
341,inquisitively,inquisitive
342,innocently,innocent
343,initially,initial
344,inflexibility,inflexible
345,indecently,indecent
346,incredibly,incredible
347,incorrectly,incorrect
348,inappropriately,inappropriate
349,inaccurately,inaccurate
350,impulsively,impulsive
351,impossibly,impossible
352,importantly,important
353,impeccably,impeccable
354,immensely,immense
355,immediatley,immediat
356,immediately,immediate
357,identically,identical
358,hurriedly,hurried
359,hungrily,hungry
360,hourly,hour
361,horribly,horrible
362,hopelessly,hopeless
363,hopefully,hopeful
364,honesty,honest
365,honestly,honest
366,historically,historical
367,highly,high
368,helplessly,helpless
369,helpfully,helpful
370,heavily,heavy
371,heavenly,heavenly
372,healthily,healthy
373,hastily,hasty
374,happily,happy
375,greedily,greed
376,greatly,great
377,gratefully,grateful
378,grandmotherly,grandmother
379,gracefully,graceful
380,gorgeously,gorgeous
381,gleefully,gleeful
382,gladly,glad
383,girly,girl
384,genuinely,genuine
385,gently,gentle
386,generously,generous
387,generaly,general
388,generally,general
389,furiously,furious
390,funnily,funny
391,fully,full
392,frightfully,frightful
393,friendly,friend
394,frequently,frequent
395,frenetically,frenetical
396,freely,free
397,frantically,frantical
398,frankly,frank
399,fortunately,fortunate
400,formally,formal
401,foolishly,foolish
402,fondly,fond
403,fluidity,fluid
404,fluffy,fluff
405,flowly,fluid 
406,flirty,flirt
407,flimsy,delicate 
408,flexibly,flexible
409,flexibility,flexible
410,flatteringly,flattering
411,flashy,flash
412,firstly,first
413,fiercely,fierce
414,fervently,fervent
415,ferociously,ferocious
416,femininity,feminine
417,fatally,fatal
418,fast,fast
419,far,far
420,famously,famous
421,faithfully,faithful
422,fairly,fair
423,fabulously,fabulous
424,extremely,extreme
425,extraordinarily,extraordinary
426,extensively,extensive
427,exquisitely,exquisite
428,exclusively,exclusive
429,excitedly,excited
430,excessively,excessive
431,exceptionally,exceptional
432,exactly,exact
433,evidently,evident
434,eventually,eventual
435,evenly,even
436,even,even
437,essentially,essential
438,especially,especial
439,especailly,especially
440,equally,equal
441,entirely,entire
442,enthusiastically,enthusiastical
443,enormously,enormous
444,energetically,energetical
445,endlessly,endless
446,elegantly,elegant
447,effortlessly,effortless
448,easily,easy
449,eagerly,eager
450,dreamily,dreami
451,dramatically,dramatical
452,doubtfully,doubtful
453,doggedly,dogged
454,distinctly,distinct
455,dimly,dim
456,diligently,diligent
457,differently,different
458,desperately,desperate
459,deligthfully,deligthful
460,delightfully,delightful
461,delicately,delicate
462,deliberately,deliberate
463,definitely,
464,definately,definate
465,defiantly,defiant
466,deeply,deep
467,deceivingly,deceiving
468,dearly,dear
469,dangerously,dangerous
470,daintily,dainty
471,daily,daily
472,currently,current
473,curiously,curious
474,cruelly,cruel
475,crossly,cross
476,creatively,creative
477,courageously,courageous
478,correctly,correct
479,coolly,cool
480,contralaterally,contralaterally
481,continuously,continuous
482,continually,continual
483,constantly,constant
484,consistently,consistent
485,considerably,considerable
486,consequently,consequent
487,completly,complet
488,completely,complete
489,commonly,common
490,comically,comical
491,comfortably,comfortable
492,colorfully,colorful
493,coaxingly,coaxing
494,closely,close
495,cleverly,clever
496,clesrly,clear
497,clearly,clear
498,cleanly,clean
499,cheerfully,cheerful
500,certainly,certain
501,cautiously,cautious
502,causally,causal
503,casualty,casual
504,casually,casual
505,carelessly,careless
506,carefully,careful
507,calmly,calm
508,busily,busy
509,broadly,broad
510,briskly,brisk
511,brightly,bright
512,briefly,brief
513,breathtakingly,breathtaking
514,bravely,brave
515,boyishly,boyishly
516,boldly,bold
517,boastfully,boastful
518,blissfully,blissful
519,blindly,blind
520,bleakly,bleak
521,biweekly,biweek
522,bitterly,bitter
523,billowy,billow
524,billowly,billowy
525,beautifully,beautiful
526,bashfully,bashful
527,badly,bad
528,awkwardly,awkward
529,availability,available
530,automatically,automatical
531,attractively,attractive
532,atrociously,atrocious
533,arrogantly,arrogant
534,approximately,approximate
535,appropriately,appropriate
536,apparently,apparent
537,anxiously,anxious
538,annually,annual
539,angrily,angrily
540,amazingly,amaze
541,always,always
542,almost,almost
543,agree,agreement
544,afterwards,afterwards
545,adventurously,adventurous
546,adjustability,adjustable
547,additionally,additional
548,actually,actual
549,actuality,actual
550,acidly,acid
551,accurately,accurate
552,accidentally,accidental
553,absentmindedly,absentminded
554,abnormally,abnormal
