1,without reservation
2,without doubt
3,without delay
4,without a doubt
5,with this purpose in mind
6,with this intention
7,with this in mind
8,with the result that
9,with attention to
10,while this may be true
11,while it may be true
12,whereas
13,whenever
14,what is more
15,vis a vis
16,up to the present time
17,up against
18,until now
19,unquestionably
20,unlike
21,unless
22,uniquely
23,undoubtedly
24,under those circumstances
25,undeniably
26,ultimately
27,together with
28,to this end
29,to the end that
30,to that end
31,to summarize
32,to sum up
33,to say nothing of
34,to rephrase it
35,to repeat
36,to put it differently
37,to put it another way
38,to point out
39,to list
40,to illustrate
41,to explain
42,to enumerate
43,to emphasize
44,to demonstrate
45,to conclude
46,to clarify
47,to begin with
48,to be sure
49,this time
50,thirdly
51,thereupon
52,therefore
53,thereafter
54,then again
55,that is to say
56,that is
57,take the case of
58,surprisingly
59,surely
60,summing up
61,such as
62,subsequently
63,straightaway
64,specifically
65,sooner or later
66,so that
67,so long as
68,so far
69,so as to
70,simultaneously
71,similarly
72,significantly
73,shortly
74,seeing that
75,secondly
76,second
77,regardless
78,rather
79,provided that
80,prior to
81,previously
82,presently
83,positively
84,point often overlooked
85,particularly
86,owing to
87,overall
88,otherwise
89,ordinarily
90,only if
91,once in a while
92,on this occasion
93,on the whole
94,on the positive side
95,on the other hand
96,on the negative side
97,on the contrary
98,on the condition that
99,on one hand
100,on condition that
101,on balance
102,on account of
103,of course
104,occasionally
105,obviously
106,now that
107,notwithstanding
108,notably
109,not to mention
110,not only
111,nonetheless
112,nevertheless
113,naturally
114,namely
115,must be remembered
116,most important
117,most compelling evidence
118,moreover
119,meanwhile
120,markedly
121,likewise
122,lastly
123,instead
124,instantly
125,including
126,inasmuch as
127,in view of
128,in truth
129,in time
130,in this situation
131,in this case
132,in the third place
133,in the second place
134,in the same way
135,in the same fashion
136,in the meantime
137,in the long run
138,in the light of
139,in the hope that
140,in the fourth place
141,in the first place
142,in the final analysis
143,in the event that
144,in that case
145,in summary
146,in sum
147,in spite of
148,in similar fashion
149,in short
150,in reality
151,in particular
152,in other words
153,in order to
154,in order that
155,in like manner
156,in like fashion
157,in light of
158,in general
159,in fact
160,in essence
161,in either case
162,in effect
163,in due time
164,in detail
165,in contrast
166,in conclusion
167,in case
168,in brief
169,in any event
170,in any case
171,in another case
172,in addition
173,in a word
174,important to realize
175,immediately
176,identically
177,i.e.
178,however
179,henceforth
180,hence
181,granted
182,given these points
183,given that
184,generally
185,furthermore
186,from time to time
187,fourthly
188,forthwith
189,formerly
190,for this reason
191,for this purpose
192,for the same reason
193,for the purpose of
194,for the most part
195,for that reason
196,for one thing
197,for instance
198,for fear that
199,for example
200,following
201,firstly
202,first thing to remember
203,extremely
204,expressly
205,expressively
206,explicitly
207,evidently
208,eventually
209,even though
210,even so
211,even more
212,even if
213,eternally
214,especially
215,equally important
216,equally
217,emphatically
218,earlier
219,e.g.
220,during
221,due to
222,doubtedly
223,different from
224,despite
225,definitely
226,coupled with
227,correspondingly
228,conversely
229,contrarily
230,consequently
231,concurrently
232,compared to
233,comparatively
234,by the time
235,by the same token
236,by comparison
237,by and large
238,by all means
239,being that
240,before
241,because
242,be that as it may
243,basically
244,balanced against
245,at this time
246,at this point
247,at this instant
248,at the same time
249,at the present time
250,at length
251,at least
252,at last
253,at first
254,at any rate
255,as well as
256,as soon as
257,as shown above
258,as much as
259,as long as
260,as I have shown
261,as I have said
262,as I have noted
263,as has been noted
264,as can be seen
265,as an illustration
266,as a result
267,as a matter of fact
268,another key point
269,analogous to
270,altogether
271,although this may be true
272,all things considered
273,all of a sudden
274,all in all
275,afterwards
276,afterward
277,after all
278,additionally
279,accordingly
280,absolutely
281,above all
282,while
283,where
284,when
285,usually
286,until
287,truly
288,too
289,till
290,thus
291,though
292,third
293,then
294,than
295,still
296,soon
297,so
298,since
299,or
300,once
301,now
302,nor
303,next
304,lest
305,later
306,last
307,indeed
308,further
309,fourth
310,first
311,finally
312,chiefly
313,certainly
314,but
315,besides
316,as
317,another
318,although
319,also
320,albeit
321,again
322,after
323,about
